{"text": " Foi ao shopping e gostei dos entos e oitenta e quatro reais.", "segments": [{"id": 0, "seek": 0, "start": 0.0, "end": 7.0, "text": " Foi ao shopping e gostei dos entos e oitenta e quatro reais.", "tokens": [50364, 30995, 8130, 8688, 308, 13188, 17067, 4491, 948, 329, 308, 277, 270, 8938, 308, 30583, 34823, 13, 50714], "temperature": 0.0, "avg_logprob": -0.6691621303558349, "compression_ratio": 1.0, "no_speech_prob": 0.017291389405727386}], "language": "pt"}