{"text": " Fui ao restaurante e gastei 80 reais.", "segments": [{"id": 0, "seek": 0, "start": 0.0, "end": 5.36, "text": " Fui ao restaurante e gastei 80 reais.", "tokens": [50364, 479, 3077, 8130, 4793, 2879, 308, 290, 9079, 72, 4688, 34823, 13, 50632], "temperature": 0.0, "avg_logprob": -0.5853291193644206, "compression_ratio": 0.8409090909090909, "no_speech_prob": 0.061637993901968}], "language": "pt"}