{"text": " Foi na padaria e gastei 15 reais com p\u00e3o e leite.", "segments": [{"id": 0, "seek": 0, "start": 0.0, "end": 6.48, "text": " Foi na padaria e gastei 15 reais com p\u00e3o e leite.", "tokens": [50364, 30995, 1667, 6887, 9831, 308, 290, 9079, 72, 2119, 34823, 395, 280, 1076, 308, 476, 642, 13, 50688], "temperature": 0.0, "avg_logprob": -0.43720078468322754, "compression_ratio": 0.8771929824561403, "no_speech_prob": 0.003907055594027042}], "language": "pt"}